name,country
Tobias Sims,Spain
Abdul Tanner,Canada
Zelenia Santiago,Pakistan
Dexter Hickman,New Zealand
Ria Wilder,Spain
Kamal Robinson,United States
Timothy Powers,Ukraine
Steven Ratliff,Germany
Giacomo Gardner,Belgium
Dylan Weber,Vietnam
Lareina Mccarty,Brazil
Caesar Jacobson,Australia
Flynn Lowe,South Korea
Jasmine Foster,Ireland
Ginger Keith,Austria
Chaney Long,France
Inga Holman,Philippines
Lacey Rosales,Chile
Sonya Mendez,Brazil
Brandon Waters,China
Garth Chan,Indonesia
Melanie Bullock,Canada
Yeo Deleon,Brazil
Venus Todd,Austria
Leo Merritt,Austria
Heidi Chavez,Ukraine
Alfonso Sharpe,Philippines
Victor Jacobs,Norway
Abel Payne,Germany
Mason Rhodes,Spain
Lydia Avila,Vietnam
Jeanette Hubbard,Austria
Merritt Luna,Costa Rica
Herrod Parrish,Brazil
Sebastian Conner,Poland
Kenneth Underwood,Brazil
Jerry Atkins,Philippines
Ian Mathis,Canada
Dexter Harvey,Germany
Lysandra Whitney,Canada
Dora Martin,Russian Federation
Donna Cook,Norway
Kellie Long,Mexico
Sawyer Lowery,Austria
Irma Gilmore,Sweden
Eleanor Dunlap,Nigeria
Karly Nelson,Spain
Solomon Quinn,South Korea
Marvin Wells,Indonesia
Aidan Gillespie,Brazil
Brooke Castaneda,Belgium
Yael Howard,New Zealand
Isabella Phelps,Italy
Xandra Thompson,Colombia
Barrett Ortiz,China
Castor Stephenson,China
Jonah Thompson,Vietnam
Sigourney Gay,United Kingdom
Jillian Peterson,Canada
Martina Hyde,Austria
Hanae Haynes,Mexico
Eve Sellers,Philippines
Finn Santana,Germany
Indira Hampton,Italy
Hedley Pratt,Singapore
Nevada Roth,Mexico
Fay Schultz,Singapore
Leroy Wynn,Australia
Ila Best,South Africa
Medge Neal,Austria
Minerva Walton,Belgium
Dennis Lindsey,Russian Federation
Hamish Lynn,Belgium
Iris Sullivan,United Kingdom
Gregory Grant,Singapore
Roanna Park,France
Stella Mcmillan,France
Xaviera Little,India
Kyla Cabrera,New Zealand
Pearl Joyce,Turkey
Lillian Rivers,Ireland
Summer Ross,China
Reece Mccray,Sweden
Signe Farley,Chile
Daquan Tillman,Poland
Hillary Clemons,China
Ronan Molina,Sweden
Ashely Carey,South Korea
Olga Hatfield,Peru
Boris Buckley,Russian Federation
Yoshi Frank,Peru
Meredith Pickett,Belgium
Troy Miller,Colombia
Blossom Whitfield,Spain
Meghan Bell,Russian Federation
Marsden Phillips,Netherlands
Thomas Hewitt,Canada
Drake Roman,Mexico
Alea Witt,Colombia
Arsenio Mcgowan,Netherlands
Sheila French,Indonesia
Chantale Lewis,Brazil
Vivian Kramer,China
Matthew O'connor,Costa Rica
Mari Watts,Pakistan
Chancellor Mccall,Turkey
Steel O'donnell,Ireland
Sydney Padilla,Ukraine
Griffin Simon,South Africa
Elton Mcfarland,South Korea
Hamish Turner,Nigeria
Cody Beasley,Norway
Patrick Bruce,Ukraine
Bert Abbott,United Kingdom
Shaeleigh Sheppard,Norway
Randall Tyson,India
Candace Fulton,South Africa
Cooper Sanchez,Singapore
Benjamin Reynolds,Canada
Amber Gill,Pakistan
Amos Campbell,Australia
Glenna Summers,Russian Federation
Macon Greene,Costa Rica
Malachi Johnson,Ukraine
Cairo Allison,Poland
Gail Bowers,Italy
Forrest Leblanc,South Africa
Genevieve Collier,New Zealand
Abbot Woods,Brazil
Clayton Patrick,Spain
Holmes Powers,South Africa
Damon Reid,Netherlands
Xander Ochoa,Norway
Derek Shaffer,Peru
Winifred Andrews,Indonesia
Alfreda Warner,Germany
Isabelle Bryant,Indonesia
Rogan Haley,Indonesia
Chanda Stewart,Nigeria
Belle Yates,Netherlands
Rina Montoya,Russian Federation
Susan Pearson,Ukraine
Cody Cohen,India
Sonya Christian,South Africa
Lucian Pena,South Africa
Nolan Murphy,Sweden
Marcia Jordan,Costa Rica
Boris Patton,Vietnam
Callum Livingston,Austria
Ray Schmidt,Pakistan
Willow Patel,Peru
Leila Humphrey,Spain
Logan Reilly,Sweden
Breanna Crawford,Italy
Rooney Dale,Spain
Dahlia Hyde,South Korea
Zephr Bradley,Colombia
Rudyard Boone,Brazil
Kibo Gilliam,Singapore
Uriel Patton,Vietnam
Rudyard Frazier,Netherlands
Gil Barber,Australia
Xandra Phelps,Russian Federation
Brielle Drake,United States
Amaya Vance,Ukraine
Stewart Roberson,Pakistan
Evangeline Long,Colombia
Destiny Daugherty,Pakistan
Tate Blackwell,Germany
Aidan Diaz,South Korea
Zahir Hendrix,Sweden
Ruth Potts,China
Lana Sloan,Ukraine
Lydia Love,Singapore
Joshua Beasley,Vietnam
Dustin Griffith,Sweden
Lysandra Stout,India
David Noble,South Korea
Ira Gibbs,South Korea
Fallon Brock,Netherlands
Sheila Dudley,Brazil
Gil Stark,South Korea
Connor Maddox,Australia
Keely Landry,Poland
Connor Stewart,Brazil
Armand Bowers,Turkey
Orla Kane,New Zealand
Joelle Stevens,Costa Rica
Josephine Stevens,Pakistan
Hyatt Fields,Nigeria
Nicholas Keith,Chile
Imani Sexton,Mexico
Kareem Bauer,Italy
Henry Mccray,Australia
Craig Hughes,Austria
Zachery Sellers,Spain
Kuame Garrett,Canada
Isaiah Lewis,China
Eric Morgan,Peru
Calvin Swanson,Philippines
